{
  "project_info": {
    "project_number": "225819514315",
    "project_id": "resumo-livros",
    "storage_bucket": "resumo-livros.firebasestorage.app"
  },
  "client": [
    {
      "client_info": {
        "mobilesdk_app_id": "1:225819514315:android:e15bf8d871ceaffe23d24e",
        "android_client_info": {
          "package_name": "com.resumolivros.app"
        }
      },
      "oauth_client": [
        {
          "client_id": "225819514315-v331uqtsnnqs50bvo7kanp97c09bev3m.apps.googleusercontent.com",
          "client_type": 1,
          "android_info": {
            "package_name": "com.resumolivros.app",
            "certificate_hash": "e40de3aaaf29a8c8bc684a0ef6c42ba20d4dbb17"
          }
        },
        {
          "client_id": "225819514315-k4dvdejbplugoc530d9d6e01rkmet4i1.apps.googleusercontent.com",
          "client_type": 3
        }
      ],
      "api_key": [
        {
          "current_key": "AIzaSyAcuHVPneHpt5LWM3u2ZtpUimfHrQsNAlk"
        }
      ],
      "services": {
        "appinvite_service": {
          "other_platform_oauth_client": [
            {
              "client_id": "225819514315-k4dvdejbplugoc530d9d6e01rkmet4i1.apps.googleusercontent.com",
              "client_type": 3
            },
            {
              "client_id": "225819514315-gvem7jh47k9fcihtq3m309qt4mb39b8h.apps.googleusercontent.com",
              "client_type": 2,
              "ios_info": {
                "bundle_id": "com.example.resumoDosDeusesFlutter"
              }
            }
          ]
        }
      }
    }
  ],
  "configuration_version": "1"
}